[
{
    "model": "eventos.participante",
    "pk": 1,
    "fields": {
        "nombres": "Juan David",
        "apellidos": "Suaza Cruz",
        "correo": "juan.suaza@correounivalle.edu.co",
        "numero_documento": "1144085141",
        "telefono": "3113059478"
    }
},
{
    "model": "eventos.participante",
    "pk": 2,
    "fields": {
        "nombres": "Juan",
        "apellidos": "Suaza",
        "correo": "juan_suaza@correo.com",

        "numero_documento": "112233445566",
        "telefono": "7958246"
    }
},
{
    "model": "eventos.participante",
    "pk": 3,
    "fields": {
        "nombres": "David",
        "apellidos": "Suaza",
        "correo": "david_suaza@correo.com",
        "numero_documento": "221133445566",
        "telefono": "1236845"
    }
},
{
    "model": "eventos.participante",
    "pk": 4,
    "fields": {
        "nombres": "David",
        "apellidos": "Cruz",
        "correo": "david_cruz@correo.com",
        "numero_documento": "331122445566",
        "telefono": "6823657"
    }
},
{
    "model": "eventos.participante",
    "pk": 5,
    "fields": {
        "nombres": "Juan",
        "apellidos": "Cruz",
        "correo": "juan_cruz@correo.com",
        "numero_documento": "445566112233",
        "telefono": "9531554"
    }
},
{
    "model": "eventos.participante",
    "pk": 6,
    "fields": {
        "nombres": "Juan",
        "apellidos": "Salazar",
        "correo": "juan_salazar@correo.com",
        "numero_documento": "998877445566",
        "telefono": "6548875"
    }
},
{
    "model": "eventos.participante",
    "pk": 7,
    "fields": {
        "nombres": "Jos\u00e9",
        "apellidos": "Salazar",
        "correo": "jose_salazar@correo.com",
        "numero_documento": "889977445566",
        "telefono": "1354487"
    }
},
{
    "model": "eventos.participante",
    "pk": 8,
    "fields": {
        "nombres": "Jos\u00e9",
        "apellidos": "Salcedo",
        "correo": "jose_salcedo@correo.com",
        "numero_documento": "778899665544",
        "telefono": "12366987"
    }
},
{
    "model": "eventos.participante",
    "pk": 9,
    "fields": {
        "nombres": "Ivan",
        "apellidos": "Viveros",
        "correo": "ivan_viveros@correo.com",
        "numero_documento": "554466778899",
        "telefono": "645987"
    }
},
{
    "model": "eventos.participante",
    "pk": 10,
    "fields": {
        "nombres": "Ivan",
        "apellidos": "Rayo",
        "correo": "ivan_rayo@corre.com",
        "numero_documento": "665544332211",
        "telefono": "1345649"
    }
},
{
    "model": "eventos.participante",
    "pk": 11,
    "fields": {
        "nombres": "Miguel",
        "apellidos": "Viveros",
        "correo": "miguel_viveros@correo.com",
        "numero_documento": "445566887799",
        "telefono": "12496874"
    }
},
{
    "model": "eventos.participante",
    "pk": 12,
    "fields": {
        "nombres": "Laura",
        "apellidos": "Jimenez",
        "correo": "laura_jimenez@correo.com",
        "numero_documento": "335577889966",
        "telefono": "1344798"
    }
},
{
    "model": "eventos.participante",
    "pk": 13,
    "fields": {
        "nombres": "Aura",
        "apellidos": "Jimenez",
        "correo": "aura_jimenez@correo.com",
        "numero_documento": "464879643",
        "telefono": "348789"
    }
},
{
    "model": "eventos.evento",
    "pk": 1,
    "fields": {
        "nombre": "baloncesto para todos",
        "descripcion": "baloncesto en silla de ruedas",
        "lugar": "coliseo de los amigos",
        "direccion": "calle 12 #  34-567",
        "telefono": "12345678",
        "costo": 500,
        "estado": "Inactivo",
        "imagen": "",
        "numero_cupos": 500,
        "fecha_limite_inscripcion": "2018-10-31T00:00:00Z",
        "fecha_inicio": "2018-10-31T00:00:00Z",
        "fecha_fin": "2018-10-31T01:00:00Z"
    }
},
{
    "model": "eventos.evento",
    "pk": 2,
    "fields": {
        "nombre": "visita a la hermita",
        "descripcion": "viaje en bus hasta la ermita y eucaristia",
        "lugar": "la ermita",
        "direccion": "calle 43 # 54-123",
        "telefono": "87654321",
        "costo": 5000,
        "estado": "Activo",
        "imagen": "",
        "numero_cupos": 500,
        "fecha_limite_inscripcion": "2018-11-01T12:35:00Z",
        "fecha_inicio": "2018-11-02T08:15:00Z",
        "fecha_fin": "2018-11-03T12:35:00Z"
    }
},
{
    "model": "eventos.evento",
    "pk": 3,
    "fields": {
        "nombre": "Tercer torneo: tapita de futbol",
        "descripcion": "Ven y disfruta del peor futbol de la historia",
        "lugar": "Canchas panamericanas",
        "direccion": "Calle 9na",
        "telefono": "3154654",
        "costo": 100,
        "estado": "Activo",
        "imagen": "",
        "numero_cupos": 100,
        "fecha_limite_inscripcion": "2017-11-03T14:00:00Z",
        "fecha_inicio": "2017-11-11T15:00:00Z",
        "fecha_fin": "2017-11-11T19:00:00Z"
    }
},
{
    "model": "eventos.evento",
    "pk": 4,
    "fields": {
        "nombre": "Torneo regional de Bolos",
        "descripcion": "23er torneo regional de bolos",
        "lugar": "Canchas panamericanas",
        "direccion": "Calle 9na",
        "telefono": "4567984",
        "costo": 25000,
        "estado": "Activo",
        "imagen": "",
        "numero_cupos": 60,
        "fecha_limite_inscripcion": "2017-11-21T04:55:00Z",
        "fecha_inicio": "2017-12-03T14:00:00Z",
        "fecha_fin": "2017-12-09T19:00:00Z"
    }
},
{
    "model": "eventos.evento",
    "pk": 5,
    "fields": {
        "nombre": "Semillero de natacion",
        "descripcion": "Nadharemos!!!",
        "lugar": "Piscinas Galindo",
        "direccion": "Estadio Pascual Guerrero",
        "telefono": "4567891235",
        "costo": 30000,
        "estado": "Activo",
        "imagen": "",
        "numero_cupos": 20,
        "fecha_limite_inscripcion": "2017-12-10T14:00:00Z",
        "fecha_inicio": "2017-12-17T14:00:00Z",
        "fecha_fin": "2017-12-23T15:00:00Z"
    }
},
{
    "model": "eventos.evento",
    "pk": 6,
    "fields": {
        "nombre": "Hiking",
        "descripcion": "Descubre el arte del monta\u00f1ismo",
        "lugar": "Cerro de las Tres Cruces",
        "direccion": "Por fuera de Cali xD",
        "telefono": "6547891",
        "costo": 95000,
        "estado": "Activo",
        "imagen": "",
        "numero_cupos": 15,
        "fecha_limite_inscripcion": "2017-11-13T19:00:00Z",
        "fecha_inicio": "2017-11-18T11:00:00Z",
        "fecha_fin": "2017-11-18T22:00:00Z"
    }
},
{
    "model": "eventos.evento",
    "pk": 7,
    "fields": {
        "nombre": "maraton por la vida",
        "descripcion": "maraton hasta las tres cruces",
        "lugar": "Salida del coliseo del pueblo",
        "direccion": "Carrera 11",
        "telefono": "(+57)12345678",
        "costo": 10000,
        "estado": "Activo",
        "imagen": "",
        "numero_cupos": 100,
        "fecha_limite_inscripcion": "2018-12-01T12:35:00Z",
        "fecha_inicio": "2018-12-02T12:35:00Z",
        "fecha_fin": "2018-12-02T20:55:00Z"
    }
},
{
    "model": "eventos.evento",
    "pk": 8,
    "fields": {
        "nombre": "Carrera colina abajo",
        "descripcion": "Carrera desde el cerro de las 4 cruces hasta estadio",
        "lugar": "Cerro de las 3 cruces",
        "direccion": "N/A",
        "telefono": "3015181568",
        "costo": 20000,
        "estado": "Activo",
        "imagen": "",
        "numero_cupos": 500,
        "fecha_limite_inscripcion": "2018-01-01T06:05:00Z",
        "fecha_inicio": "2018-01-03T03:15:00Z",
        "fecha_fin": "2018-01-03T08:15:00Z"
    }
},
{
    "model": "eventos.evento",
    "pk": 9,
    "fields": {
        "nombre": "Festival deportivo",
        "descripcion": "festival deportivo para todas las edades",
        "lugar": "parque de los gatos",
        "direccion": "calle 5 # 75-81",
        "telefono": "758392902",
        "costo": 5000,
        "estado": "Activo",
        "imagen": "",
        "numero_cupos": 500,
        "fecha_limite_inscripcion": "2018-02-01T07:10:00Z",
        "fecha_inicio": "2018-02-02T12:35:00Z",
        "fecha_fin": "2018-02-09T16:55:00Z"
    }
},
{
    "model": "eventos.evento",
    "pk": 10,
    "fields": {
        "nombre": "Eliminatoria torneo de la salsa",
        "descripcion": "azules contra amarillos se enfrentan por un cupo en la copa de la salsa",
        "lugar": "Estadio principal",
        "direccion": "carrera 54 # 54-54",
        "telefono": "4789392",
        "costo": 35000,
        "estado": "Activo",
        "imagen": "",
        "numero_cupos": 1000,
        "fecha_limite_inscripcion": "2018-03-02T03:00:00Z",
        "fecha_inicio": "2018-03-03T03:00:00Z",
        "fecha_fin": "2018-03-03T07:05:00Z"
    }
},
{
    "model": "eventos.evento",
    "pk": 11,
    "fields": {
        "nombre": "Aerobicos",
        "descripcion": "Aerobicos en pro de la salud del pueblo",
        "lugar": "Parque de las iguanas",
        "direccion": "calle 12 # 21-12",
        "telefono": "19283475",
        "costo": 9000,
        "estado": "Activo",
        "imagen": "",
        "numero_cupos": 100,
        "fecha_limite_inscripcion": "2018-03-01T12:00:00Z",
        "fecha_inicio": "2018-03-02T13:20:00Z",
        "fecha_fin": "2018-03-02T15:20:00Z"
    }
},
{
    "model": "eventos.evento",
    "pk": 12,
    "fields": {
        "nombre": "Eliminatoria copa de la salsa",
        "descripcion": "equipo rojo y verde se emfrentan por un cupo en la copa de la salsa",
        "lugar": "Estadio principal",
        "direccion": "carrera 54 # 54-54",
        "telefono": "123414512",
        "costo": 35000,
        "estado": "Activo",
        "imagen": "",
        "numero_cupos": 1000,
        "fecha_limite_inscripcion": "2018-03-07T05:00:00Z",
        "fecha_inicio": "2018-03-08T19:35:00Z",
        "fecha_fin": "2018-03-08T22:35:00Z"
    }
},
{
    "model": "eventos.evento",
    "pk": 13,
    "fields": {
        "nombre": "torneo de bolos - copa del rey",
        "descripcion": "Torneo de bolos para mayores de 18 con el mayor premio de toda la region",
        "lugar": "Bolera de wizyma",
        "direccion": "carrera 44 # 55 - 66",
        "telefono": "123456678",
        "costo": 50000,
        "estado": "Activo",
        "imagen": "",
        "numero_cupos": 50,
        "fecha_limite_inscripcion": "2018-05-01T05:00:00Z",
        "fecha_inicio": "2018-05-05T23:00:00Z",
        "fecha_fin": "2018-05-06T04:20:00Z"
    }
},
{
    "model": "eventos.evento",
    "pk": 14,
    "fields": {
        "nombre": "Eliminatoria copa de la salsa",
        "descripcion": "equipo rosa y purpura se enfrentan por un cupo en la copa de la salsa",
        "lugar": "Estadio principal",
        "direccion": "carrera 54 # 54-54",
        "telefono": "123414512",
        "costo": 35000,
        "estado": "Activo",
        "imagen": "",
        "numero_cupos": 1000,
        "fecha_limite_inscripcion": "2018-04-07T05:00:00Z",
        "fecha_inicio": "2018-04-08T19:35:00Z",
        "fecha_fin": "2018-04-08T22:35:00Z"
    }
},
{
    "model": "eventos.evento",
    "pk": 15,
    "fields": {
        "nombre": "Eliminatoria copa de la salsa",
        "descripcion": "equipo oliva y cafe se enfrentan por un cupo en la copa de la salsa",
        "lugar": "Estadio principal",
        "direccion": "carrera 54 # 54-54",
        "telefono": "123414512",
        "costo": 35000,
        "estado": "Activo",
        "imagen": "",
        "numero_cupos": 1000,
        "fecha_limite_inscripcion": "2018-06-07T05:00:00Z",
        "fecha_inicio": "2018-06-08T19:35:00Z",
        "fecha_fin": "2018-06-08T22:35:00Z"
    }
},
{
    "model": "eventos.evento",
    "pk": 16,
    "fields": {
        "nombre": "maraton por la vida",
        "descripcion": "maraton hasta las tres cruces",
        "lugar": "Salida del coliseo del pueblo",
        "direccion": "Carrera 11",
        "telefono": "(+57)12345678",
        "costo": 10000,
        "estado": "Activo",
        "imagen": "",
        "numero_cupos": 100,
        "fecha_limite_inscripcion": "2017-12-01T12:35:00Z",
        "fecha_inicio": "2017-12-02T12:35:00Z",
        "fecha_fin": "2017-12-02T20:55:00Z"
    }
},
{
    "model": "eventos.evento",
    "pk": 17,
    "fields": {
        "nombre": "Carrera 5K",
        "descripcion": "Cinco kilometros que atraviezan la ciudad",
        "lugar": "salida del parque del perro",
        "direccion": "Calle 8 # 21-53",
        "telefono": "(+57)12765765",
        "costo": 10000,
        "estado": "Activo",
        "imagen": "",
        "numero_cupos": 100,
        "fecha_limite_inscripcion": "2017-12-01T12:35:00Z",
        "fecha_inicio": "2017-12-02T12:35:00Z",
        "fecha_fin": "2017-12-02T20:55:00Z"
    }
},
{
    "model": "eventos.evento",
    "pk": 18,
    "fields": {
        "nombre": "Guerra universitaria",
        "descripcion": "5 universidades se enfrentan por ganar la mayor cantidad de punts y un concierto de maluma",
        "lugar": "Universidad del valle",
        "direccion": "Calle 5 # 100- 21",
        "telefono": "(+57)3829123581",
        "costo": 15000,
        "estado": "Activo",
        "imagen": "",
        "numero_cupos": 300,
        "fecha_limite_inscripcion": "2017-12-01T12:35:00Z",
        "fecha_inicio": "2017-12-02T12:35:00Z",
        "fecha_fin": "2017-12-02T20:55:00Z"
    }
},
{
    "model": "eventos.evento",
    "pk": 19,
    "fields": {
        "nombre": "Eliminatorias del torneo de boxeo femenino",
        "descripcion": "las mejores 8 peleadoras de la ciudad se enfrentan por cuatro cupos a las semifinales del torneo de boxeo femenino",
        "lugar": "coliseo del valor",
        "direccion": "Carrera 50 # 67-32",
        "telefono": "(+57)1123124212",
        "costo": 10000,
        "estado": "Activo",
        "imagen": "",
        "numero_cupos": 80,
        "fecha_limite_inscripcion": "2017-12-01T12:35:00Z",
        "fecha_inicio": "2017-12-02T12:35:00Z",
        "fecha_fin": "2017-12-02T20:55:00Z"
    }
},
{
    "model": "eventos.inscripcion",
    "pk": 1,
    "fields": {
        "participante": 1,
        "evento": 1,
        "estado_inscripcion": "EN ESPERA PRE"
    }
},
{
    "model": "eventos.inscripcion",
    "pk": 2,
    "fields": {
        "participante": 2,
        "evento": 3,
        "estado_inscripcion": "EN ESPERA PRE"
    }
},
{
    "model": "eventos.inscripcion",
    "pk": 3,
    "fields": {
        "participante": 3,
        "evento": 3,
        "estado_inscripcion": "EN ESPERA PRE"
    }
},
{
    "model": "eventos.inscripcion",
    "pk": 4,
    "fields": {
        "participante": 4,
        "evento": 3,
        "estado_inscripcion": "EN ESPERA PRE"
    }
},
{
    "model": "eventos.inscripcion",
    "pk": 5,
    "fields": {
        "participante": 5,
        "evento": 3,
        "estado_inscripcion": "EN ESPERA PRE"
    }
},
{
    "model": "eventos.inscripcion",
    "pk": 6,
    "fields": {
        "participante": 6,
        "evento": 4,
        "estado_inscripcion": "EN ESPERA PRE"
    }
},
{
    "model": "eventos.inscripcion",
    "pk": 7,
    "fields": {
        "participante": 6,
        "evento": 5,
        "estado_inscripcion": "EN ESPERA PRE"
    }
},
{
    "model": "eventos.inscripcion",
    "pk": 8,
    "fields": {
        "participante": 7,
        "evento": 5,
        "estado_inscripcion": "EN ESPERA PRE"
    }
},
{
    "model": "eventos.inscripcion",
    "pk": 9,
    "fields": {
        "participante": 8,
        "evento": 5,
        "estado_inscripcion": "EN ESPERA PRE"
    }
},
{
    "model": "eventos.inscripcion",
    "pk": 10,
    "fields": {
        "participante": 9,
        "evento": 6,
        "estado_inscripcion": "EN ESPERA PRE"
    }
},
{
    "model": "eventos.inscripcion",
    "pk": 11,
    "fields": {
        "participante": 10,
        "evento": 6,
        "estado_inscripcion": "EN ESPERA PRE"
    }
},
{
    "model": "eventos.inscripcion",
    "pk": 12,
    "fields": {
        "participante": 11,
        "evento": 6,
        "estado_inscripcion": "EN ESPERA PRE"
    }
},
{
    "model": "eventos.inscripcion",
    "pk": 13,
    "fields": {
        "participante": 12,
        "evento": 6,
        "estado_inscripcion": "EN ESPERA PRE"
    }
},
{
    "model": "eventos.inscripcion",
    "pk": 14,
    "fields": {
        "participante": 13,
        "evento": 6,
        "estado_inscripcion": "EN ESPERA PRE"
    }
},
{
    "model": "actividad.actividad",
    "pk": 1,
    "fields": {
        "nombre": "Equipo muy malo Vs Otro m\u00e1s malo",
        "descripcion": "Primer partido del torneo",
        "lugar": "Cancha 1",
        "estado": "Activo",
        "fecha_realizacion": "2017-11-11",
        "hora_inicio": "10:00:00",
        "hora_fin": "10:30:00",
        "cupo_disponible": 20,
        "responsable_actividad": "David Cruz",
        "evento": 3,
        "participantes": []
    }
},
{
    "model": "actividad.actividad",
    "pk": 2,
    "fields": {
        "nombre": "El que siempre prierde Vs. El que nunca gana",
        "descripcion": "Traer una almohada",
        "lugar": "Cancha 2",
        "estado": "Activo",
        "fecha_realizacion": "2017-11-11",
        "hora_inicio": "10:30:00",
        "hora_fin": "11:00:00",
        "cupo_disponible": 20,
        "responsable_actividad": "David Cruz",
        "evento": 3,
        "participantes": []
    }
},
{
    "model": "actividad.actividad",
    "pk": 3,
    "fields": {
        "nombre": "P(America gane / El cali pierda) Vs. Redes Neuronales poco entrenadas",
        "descripcion": "Los ingenieros juegan en la vida real?",
        "lugar": "Cancha 2",
        "estado": "Activo",
        "fecha_realizacion": "2017-11-11",
        "hora_inicio": "10:00:00",
        "hora_fin": "10:30:00",
        "cupo_disponible": 20,
        "responsable_actividad": "David Cruz",
        "evento": 3,
        "participantes": []
    }
},
{
    "model": "actividad.actividad",
    "pk": 4,
    "fields": {
        "nombre": "No tengo m\u00e1s nombres Vs. Pls! detenganlo",
        "descripcion": "Partido poco interesante",
        "lugar": "Cancha 3",
        "estado": "Activo",
        "fecha_realizacion": "2017-11-11",
        "hora_inicio": "12:00:00",
        "hora_fin": "12:30:00",
        "cupo_disponible": 20,
        "responsable_actividad": "David Cruz",
        "evento": 3,
        "participantes": []
    }
},
{
    "model": "actividad.actividad",
    "pk": 5,
    "fields": {
        "nombre": "Partido 1",
        "descripcion": "Juanito Nadal Vs. Carlitos Federer",
        "lugar": "Cancha principal",
        "estado": "Activo",
        "fecha_realizacion": "2017-12-12",
        "hora_inicio": "14:00:00",
        "hora_fin": "18:00:00",
        "cupo_disponible": 2,
        "responsable_actividad": "David Cruz",
        "evento": 1,
        "participantes": []
    }
},
{
    "model": "actividad.actividad",
    "pk": 6,
    "fields": {
        "nombre": "Partido 2",
        "descripcion": "Djokovicito Vs. El japo Kei",
        "lugar": "Cancha principal",
        "estado": "Activo",
        "fecha_realizacion": "2017-12-13",
        "hora_inicio": "10:00:00",
        "hora_fin": "13:00:00",
        "cupo_disponible": 2,
        "responsable_actividad": "David Cruz",
        "evento": 1,
        "participantes": []
    }
},
{
    "model": "actividad.actividad",
    "pk": 7,
    "fields": {
        "nombre": "Partido 3",
        "descripcion": "Rogerio Vs. Rafaelito",
        "lugar": "Cancha principal",
        "estado": "Activo",
        "fecha_realizacion": "2017-12-14",
        "hora_inicio": "09:00:00",
        "hora_fin": "14:00:00",
        "cupo_disponible": 2,
        "responsable_actividad": "David Cruz",
        "evento": 1,
        "participantes": []
    }
},
{
    "model": "actividad.actividad",
    "pk": 8,
    "fields": {
        "nombre": "Partido 4",
        "descripcion": "Gabriel Vs. Ismael. Qui\u00e9nes son estos?",
        "lugar": "Cancha no tan principal",
        "estado": "Activo",
        "fecha_realizacion": "2017-12-15",
        "hora_inicio": "10:00:00",
        "hora_fin": "12:00:00",
        "cupo_disponible": 2,
        "responsable_actividad": "David Cruz",
        "evento": 1,
        "participantes": []
    }
},
{
    "model": "actividad.actividad",
    "pk": 9,
    "fields": {
        "nombre": "Semis 1",
        "descripcion": "Partido entre los que ganen del 1 y el 2",
        "lugar": "Cancha principal",
        "estado": "Activo",
        "fecha_realizacion": "2017-12-18",
        "hora_inicio": "09:00:00",
        "hora_fin": "13:00:00",
        "cupo_disponible": 2,
        "responsable_actividad": "David Cruz",
        "evento": 1,
        "participantes": []
    }
},
{
    "model": "actividad.actividad",
    "pk": 10,
    "fields": {
        "nombre": "Semis 2",
        "descripcion": "Partido entre los que ganen del 3 y el 4",
        "lugar": "Cancha principal",
        "estado": "Activo",
        "fecha_realizacion": "2017-12-18",
        "hora_inicio": "13:00:00",
        "hora_fin": "15:00:00",
        "cupo_disponible": 2,
        "responsable_actividad": "David Cruz",
        "evento": 1,
        "participantes": []
    }
},
{
    "model": "actividad.actividad",
    "pk": 11,
    "fields": {
        "nombre": "Final",
        "descripcion": "Gran final",
        "lugar": "Cancha principal",
        "estado": "Activo",
        "fecha_realizacion": "2017-12-22",
        "hora_inicio": "08:00:00",
        "hora_fin": "10:00:00",
        "cupo_disponible": 2,
        "responsable_actividad": "David Cruz",
        "evento": 1,
        "participantes": []
    }
},
{
    "model": "actividad.actividad",
    "pk": 12,
    "fields": {
        "nombre": "Aprender",
        "descripcion": "Informaci\u00f3n b\u00e1sica",
        "lugar": "Piscina grande",
        "estado": "Activo",
        "fecha_realizacion": "2017-12-17",
        "hora_inicio": "09:00:00",
        "hora_fin": "10:00:00",
        "cupo_disponible": 20,
        "responsable_actividad": "David Cruz",
        "evento": 5,
        "participantes": []
    }
},
{
    "model": "actividad.actividad",
    "pk": 13,
    "fields": {
        "nombre": "Estilo Mariposa",
        "descripcion": "Primero estilo hardcore de nataci\u00f3n",
        "lugar": "Piscina principal",
        "estado": "Activo",
        "fecha_realizacion": "2017-12-18",
        "hora_inicio": "09:00:00",
        "hora_fin": "10:00:00",
        "cupo_disponible": 20,
        "responsable_actividad": "David Cruz",
        "evento": 5,
        "participantes": []
    }
},
{
    "model": "actividad.actividad",
    "pk": 14,
    "fields": {
        "nombre": "Saque pecho",
        "descripcion": "Segundo estilo de nataci\u00f3n",
        "lugar": "Piscina principal",
        "estado": "Activo",
        "fecha_realizacion": "2017-12-19",
        "hora_inicio": "09:00:00",
        "hora_fin": "10:00:00",
        "cupo_disponible": 20,
        "responsable_actividad": "David Cruz",
        "evento": 5,
        "participantes": []
    }
},
{
    "model": "actividad.actividad",
    "pk": 15,
    "fields": {
        "nombre": "Estilo libre",
        "descripcion": "Tercer estilo de nataci\u00f3n",
        "lugar": "Piscina principal",
        "estado": "Activo",
        "fecha_realizacion": "2017-12-20",
        "hora_inicio": "09:00:00",
        "hora_fin": "10:00:00",
        "cupo_disponible": 20,
        "responsable_actividad": "David Cruz",
        "evento": 5,
        "participantes": []
    }
},
{
    "model": "actividad.actividad",
    "pk": 16,
    "fields": {
        "nombre": "Nadando viendo al cielo",
        "descripcion": "Cuarto estilo de nataci\u00f3n",
        "lugar": "Piscina principal",
        "estado": "Activo",
        "fecha_realizacion": "2017-12-22",
        "hora_inicio": "09:00:00",
        "hora_fin": "10:00:00",
        "cupo_disponible": 20,
        "responsable_actividad": "David Cru",
        "evento": 5,
        "participantes": []
    }
},
{
    "model": "actividad.actividad",
    "pk": 17,
    "fields": {
        "nombre": "Escalando ando",
        "descripcion": "Subida al cerro de manera poco segura",
        "lugar": "Cerro de las 3 cruces",
        "estado": "Activo",
        "fecha_realizacion": "2017-11-18",
        "hora_inicio": "06:00:00",
        "hora_fin": "17:00:00",
        "cupo_disponible": 15,
        "responsable_actividad": "David Cruz",
        "evento": 6,
        "participantes": []
    }
}
]
